{
  "baseName" : "unicam",
  "uniqueName" : "unicam",
  "nickname" : "OV9281",
  "FOV" : 27.3,
  "path" : "/dev/video0",
  "cameraType" : "ZeroCopyPicam",
  "currentPipelineIndex" : 0,
  "calibrations" : [ {
    "resolution" : {
      "width" : 1280.0,
      "height" : 800.0
    },
    "cameraIntrinsics" : {
      "rows" : 3,
      "cols" : 3,
      "type" : 6,
      "data" : [ 1090.7784462115048, 0.0, 671.7384635894734, 0.0, 1070.8370686682315, 727.9017466034696, 0.0, 0.0, 1.0 ]
    },
    "cameraExtrinsics" : {
      "rows" : 1,
      "cols" : 5,
      "type" : 6,
      "data" : [ -0.3505826085507146, -0.8245581493838553, -0.03236565975760603, -1.4211984111493046E-4, 2.5615584819465735 ]
    },
    "perViewErrors" : [ 1.2365545561283877, 1.224195579331295, 5.690090939264247, 9.14380158396002, 4.169593654697, 2.780344746874557, 2.898346152948529, 2.0041702178582765, 3.0451628392084924, 9.644201415550716, 2.1404753549923714, 2.3655503410039063 ],
    "standardDeviation" : 2.739208480963962
  }, {
    "resolution" : {
      "width" : 640.0,
      "height" : 480.0
    },
    "cameraIntrinsics" : {
      "rows" : 3,
      "cols" : 3,
      "type" : 6,
      "data" : [ 672.6443354398115, 0.0, 295.63775436026924, 0.0, 675.8432734545945, 259.40125795896955, 0.0, 0.0, 1.0 ]
    },
    "cameraExtrinsics" : {
      "rows" : 1,
      "cols" : 5,
      "type" : 6,
      "data" : [ -0.4880674675120319, 0.4944784500991821, -0.004377618088273462, 0.010319132768178082, -0.5288476556654294 ]
    },
    "perViewErrors" : [ 0.9702387490437531, 0.4743538458077852, 1.0088206624637426, 0.4944371618986717, 0.9334110141390456, 1.6216069386967333, 1.5144199237745768, 1.4544306601964374, 0.7460230907423224, 0.5552584815327715, 0.44859889815603166, 0.36193210538447684, 0.338959256851981 ],
    "standardDeviation" : 0.43617834233567765
  }, {
    "resolution" : {
      "width" : 640.0,
      "height" : 400.0
    },
    "cameraIntrinsics" : {
      "rows" : 3,
      "cols" : 3,
      "type" : 6,
      "data" : [ 611.0172999784911, 0.0, 510.1424484299, 0.0, 642.7113114470559, 272.7515849625123, 0.0, 0.0, 1.0 ]
    },
    "cameraExtrinsics" : {
      "rows" : 1,
      "cols" : 5,
      "type" : 6,
      "data" : [ -0.502311651636831, 0.34069138430995444, -0.010003728941924197, -0.053402063074115845, -0.24512169282086124 ]
    },
    "perViewErrors" : [ 0.5692076880926531, 1.1393680786383216, 0.9539188162009995, 1.710530839627406, 1.0231014969010475, 1.4937079080750908, 2.2315322233300345, 1.0028440185263983, 0.5993850226401605, 0.5874156207372515, 0.5621341930432329, 0.9609149852313552 ],
    "standardDeviation" : 0.494885911036931
  }, {
    "resolution" : {
      "width" : 320.0,
      "height" : 240.0
    },
    "cameraIntrinsics" : {
      "rows" : 3,
      "cols" : 3,
      "type" : 6,
      "data" : [ 330.49414525950226, 0.0, 158.65617540999656, 0.0, 331.052367308984, 140.3970208164406, 0.0, 0.0, 1.0 ]
    },
    "cameraExtrinsics" : {
      "rows" : 1,
      "cols" : 5,
      "type" : 6,
      "data" : [ -0.4920463690626552, 0.4674578001174382, -0.003915347557389109, 0.00389749256456965, -0.3839379715355265 ]
    },
    "perViewErrors" : [ 0.6635784293510988, 0.32502541617127084, 0.8276507438750303, 0.3669897907335051, 0.2769350085734055, 0.27532943423934764, 0.42796570930104305, 0.4117217761653457, 0.58791073825032, 0.5758206061152215, 0.5187002513265709, 0.4269956031820215 ],
    "standardDeviation" : 0.15981902434505593
  } ],
  "streamIndex" : 0
}