{
  "baseName" : "unicam",
  "uniqueName" : "unicam",
  "nickname" : "Camera5",
  "FOV" : 70.0,
  "path" : "/dev/video0",
  "cameraType" : "ZeroCopyPicam",
  "currentPipelineIndex" : 0,
  "calibrations" : [ {
    "resolution" : {
      "width" : 640.0,
      "height" : 480.0
    },
    "cameraIntrinsics" : {
      "rows" : 3,
      "cols" : 3,
      "type" : 6,
      "data" : [ 552.9998100459464, 0.0, 322.6477609793893, 0.0, 550.1524355679039, 252.4608436476088, 0.0, 0.0, 1.0 ]
    },
    "cameraExtrinsics" : {
      "rows" : 1,
      "cols" : 5,
      "type" : 6,
      "data" : [ 0.13024576456540762, -0.5547681964131765, 0.002673626867742868, 0.0073559634562058935, 0.6340449816463161 ]
    },
    "perViewErrors" : [ 0.4383186523069158, 0.27925779722582866, 0.6081496507986458, 0.485529837234195, 0.5706651290822163, 0.3674581111768889, 0.5114998281712024, 0.6129144309132339, 0.38509780270700633, 0.4721632041030541, 0.5203616862248645, 0.9136533871540946, 0.4551519071565916 ],
    "standardDeviation" : 0.14839680731411767
  }, {
    "resolution" : {
      "width" : 960.0,
      "height" : 720.0
    },
    "cameraIntrinsics" : {
      "rows" : 3,
      "cols" : 3,
      "type" : 6,
      "data" : [ 783.5703925120464, 0.0, 424.6289273578341, 0.0, 785.1898784540267, 434.73344744577327, 0.0, 0.0, 1.0 ]
    },
    "cameraExtrinsics" : {
      "rows" : 1,
      "cols" : 5,
      "type" : 6,
      "data" : [ -0.04443326653759286, 0.02057359800734566, 0.01117292463255927, -0.008344734030542889, -0.05271881381356299 ]
    },
    "perViewErrors" : [ 0.4705614487931796, 0.4944277380710374, 1.5235108762419405, 0.3882034427229429, 0.717127365856051, 0.7572025473874866, 0.6248917400846876, 0.603140640633204, 0.9289459390879485, 0.5058379814322228, 0.6248805982234107, 0.8883772990251039, 1.3792378635512599, 0.6359710584168037 ],
    "standardDeviation" : 0.32140606364311314
  }, {
    "resolution" : {
      "width" : 1280.0,
      "height" : 720.0
    },
    "cameraIntrinsics" : {
      "rows" : 3,
      "cols" : 3,
      "type" : 6,
      "data" : [ 1334.6333005643562, 0.0, 608.2498137581383, 0.0, 1339.266792727836, 470.52955783785785, 0.0, 0.0, 1.0 ]
    },
    "cameraExtrinsics" : {
      "rows" : 1,
      "cols" : 5,
      "type" : 6,
      "data" : [ -0.023703750325149972, 0.4209721732329925, 0.01820959607618535, 0.0016249391151073704, -1.382377583379323 ]
    },
    "perViewErrors" : [ 1.4300530632465556, 1.86530485318559, 1.1987675870158978, 2.822921936679066, 0.9229579527497545, 0.9984026799138568, 1.5514337788949752, 1.4489485440136287, 1.3310374794546556, 1.5295410855415181, 1.591358350760904, 2.372429332087599, 2.5975230971304937, 1.4382126868156162, 0.9560020760572638 ],
    "standardDeviation" : 0.560420174029554
  }, {
    "resolution" : {
      "width" : 1296.0,
      "height" : 972.0
    },
    "cameraIntrinsics" : {
      "rows" : 3,
      "cols" : 3,
      "type" : 6,
      "data" : [ 1040.3442372833988, 0.0, 609.7864504994417, 0.0, 1051.8048036979594, 611.4897019386652, 0.0, 0.0, 1.0 ]
    },
    "cameraExtrinsics" : {
      "rows" : 1,
      "cols" : 5,
      "type" : 6,
      "data" : [ -0.06766031952902374, 0.4792271475635432, 0.03010585098288222, -0.0036526321584680692, -1.1375980337809322 ]
    },
    "perViewErrors" : [ 0.4320860499013993, 0.6743106297391162, 0.8725009940876473, 0.6893758508124349, 0.7345379063977674, 0.775147528971825, 0.9951623283170768, 2.4087033358199688, 0.8671710262076049, 0.7150163665511852, 0.41157886892842804, 0.8479692684371394, 0.6928816320364439 ],
    "standardDeviation" : 0.4752705347767111
  } ],
  "streamIndex" : 0
}