{
  "baseName" : "unicam",
  "uniqueName" : "unicam",
  "nickname" : "Camera3",
  "FOV" : 70.0,
  "path" : "/dev/video0",
  "cameraType" : "ZeroCopyPicam",
  "currentPipelineIndex" : 0,
  "calibrations" : [ {
    "resolution" : {
      "width" : 640.0,
      "height" : 480.0
    },
    "cameraIntrinsics" : {
      "rows" : 3,
      "cols" : 3,
      "type" : 6,
      "data" : [ 658.7261839105953, 0.0, 328.1882571615066, 0.0, 654.762195549793, 276.7646757873514, 0.0, 0.0, 1.0 ]
    },
    "cameraExtrinsics" : {
      "rows" : 1,
      "cols" : 5,
      "type" : 6,
      "data" : [ -0.48519248683408384, 0.9277404622196449, -0.003476065380477999, 0.0013599687781114386, -2.775400954784625 ]
    },
    "perViewErrors" : [ 0.3384372133565533, 0.17884654452048931, 0.26677649124202824, 0.18110592252597402, 0.3258792816914364, 0.3205305666938601, 0.36580563945437394, 0.2553813604320695, 0.3232637985915309, 0.26156395473902233, 0.28416043005610436, 0.340389822177482 ],
    "standardDeviation" : 0.05818918227100886
  } ],
  "streamIndex" : 0
}