{
  "baseName" : "USB webcam",
  "uniqueName" : "USB_webcam",
  "nickname" : "Camera3",
  "FOV" : 70.0,
  "path" : "/dev/video0",
  "cameraType" : "UsbCamera",
  "currentPipelineIndex" : -1,
  "calibrations" : [ {
    "resolution" : {
      "width" : 960.0,
      "height" : 540.0
    },
    "cameraIntrinsics" : {
      "rows" : 3,
      "cols" : 3,
      "type" : 6,
      "data" : [ 534.1739579836232, 0.0, 509.6169323037383, 0.0, 533.5111975198267, 311.9696525502515, 0.0, 0.0, 1.0 ]
    },
    "cameraExtrinsics" : {
      "rows" : 1,
      "cols" : 5,
      "type" : 6,
      "data" : [ -0.025949648877759468, 0.3399192200367234, -0.016722238413137365, 0.007455293409839513, -0.7124683732628246 ]
    },
    "perViewErrors" : [ 0.4049321789065115, 0.5874489767738387, 0.6137060711193373, 0.6534436710865741, 0.6204010822337778, 0.3923044760234665, 0.441288220035139, 0.5391944577594, 0.5629344356519737, 0.6208370123682302, 0.6881309851768561, 0.6719297225928385, 0.6212993216984307, 0.47482465962610937 ],
    "standardDeviation" : 0.09493636698293555
  }, {
    "resolution" : {
      "width" : 640.0,
      "height" : 400.0
    },
    "cameraIntrinsics" : {
      "rows" : 3,
      "cols" : 3,
      "type" : 6,
      "data" : [ 389.2488390157747, 0.0, 334.21617136840405, 0.0, 389.1514383515926, 242.20221610128323, 0.0, 0.0, 1.0 ]
    },
    "cameraExtrinsics" : {
      "rows" : 1,
      "cols" : 5,
      "type" : 6,
      "data" : [ -0.063285843791682, 0.5780096649155936, -0.0033541871842459525, 0.0010796587193960794, -1.1725154220463618 ]
    },
    "perViewErrors" : [ 0.2519230726763609, 0.2216648755743459, 0.2508954289040809, 0.22360538712743788, 0.20726491498781915, 0.19431810419809176, 0.17606188911152054, 0.2782634306218465, 0.5640151163956537, 0.5302372464762019, 0.5127977310398235, 0.5150219355853982, 0.6873153845902072, 0.5652146574767551, 0.2445595459705353, 0.2844820469610922, 0.395206081815419, 0.4638140818884601, 0.3431772920130429 ],
    "standardDeviation" : 0.15405398257001837
  }, {
    "resolution" : {
      "width" : 640.0,
      "height" : 360.0
    },
    "cameraIntrinsics" : {
      "rows" : 3,
      "cols" : 3,
      "type" : 6,
      "data" : [ 360.79384028471384, 0.0, 330.0898474601107, 0.0, 361.9572869274655, 224.67607894605962, 0.0, 0.0, 1.0 ]
    },
    "cameraExtrinsics" : {
      "rows" : 1,
      "cols" : 5,
      "type" : 6,
      "data" : [ -0.029853407460268003, 0.4726421011468251, 0.006286482486146275, -0.0038294235525555237, -0.9150172106141145 ]
    },
    "perViewErrors" : [ 0.24813367615572518, 0.25032258995761436, 0.22247517309097625, 0.5821189374758071, 0.3783034873392946, 0.27703794397543424, 0.6064316421043214, 0.29304712813777106, 0.3698309121894335, 0.377098693650268, 0.23766285217405075, 0.2640351512149401 ],
    "standardDeviation" : 0.12449502249927494
  }, {
    "resolution" : {
      "width" : 424.0,
      "height" : 240.0
    },
    "cameraIntrinsics" : {
      "rows" : 3,
      "cols" : 3,
      "type" : 6,
      "data" : [ 239.67579513788283, 0.0, 224.91146848309717, 0.0, 240.23203157595864, 141.85320908696127, 0.0, 0.0, 1.0 ]
    },
    "cameraExtrinsics" : {
      "rows" : 1,
      "cols" : 5,
      "type" : 6,
      "data" : [ 0.018202509154261446, 0.10509053372412314, -0.007714581649156878, 4.610342586405194E-4, -0.28488351570367126 ]
    },
    "perViewErrors" : [ 0.2226037104696598, 0.25854206297704385, 0.2747739757741261, 0.32553647056966944, 0.3312278759350768, 0.3566179974759943, 0.5507214274464111, 0.3281730039068033, 0.1945922192563991, 0.2425987068591557, 0.26647189156637036, 0.26735096558214216, 0.18941293970035714 ],
    "standardDeviation" : 0.0898786167166138
  }, {
    "resolution" : {
      "width" : 352.0,
      "height" : 288.0
    },
    "cameraIntrinsics" : {
      "rows" : 3,
      "cols" : 3,
      "type" : 6,
      "data" : [ 264.51188781307496, 0.0, 188.65921478853934, 0.0, 286.1783519548216, 183.30495916428558, 0.0, 0.0, 1.0 ]
    },
    "cameraExtrinsics" : {
      "rows" : 1,
      "cols" : 5,
      "type" : 6,
      "data" : [ 0.02671106646870476, -0.05958130993433311, 0.005169010499406719, 0.003185307289786609, -0.03216919958923863 ]
    },
    "perViewErrors" : [ 0.497920906924193, 0.8744907281033285, 0.40188951265564987, 0.4948207938165928, 0.46508383195657105, 0.7580624716388384, 0.41000921236842586, 0.9045271712449822, 0.650336751933311, 0.4924778039864292, 0.49558680746522893, 0.5616983692357277, 0.6197857712094813, 0.6376767582219663, 0.6288450269312379, 0.5761403964112878 ],
    "standardDeviation" : 0.14506563543443474
  }, {
    "resolution" : {
      "width" : 320.0,
      "height" : 240.0
    },
    "cameraIntrinsics" : {
      "rows" : 3,
      "cols" : 3,
      "type" : 6,
      "data" : [ 238.64002895279623, 0.0, 169.79301809670167, 0.0, 239.49297808028044, 139.6559284322004, 0.0, 0.0, 1.0 ]
    },
    "cameraExtrinsics" : {
      "rows" : 1,
      "cols" : 5,
      "type" : 6,
      "data" : [ -0.09942942191930268, 0.6806494073868127, -0.011498214098833856, 0.002357579540260041, -1.222235011402951 ]
    },
    "perViewErrors" : [ 0.35863027643816753, 0.3440838950815386, 0.35579868817578175, 0.3685644938903013, 0.4684788655351942, 0.6939425168773893, 0.7169187891026911, 0.6343972284526079, 0.48572404048911244, 0.4157751972139358, 0.42668576262705654, 0.49702569253580803, 0.6121124707224672 ],
    "standardDeviation" : 0.12715723562826495
  } ],
  "streamIndex" : 0
}