{
  "baseName" : "unicam",
  "uniqueName" : "unicam",
  "nickname" : "OV9281",
  "FOV" : 70.0,
  "path" : "/dev/video0",
  "cameraType" : "ZeroCopyPicam",
  "currentPipelineIndex" : -1,
  "calibrations" : [ {
    "resolution" : {
      "width" : 320.0,
      "height" : 240.0
    },
    "cameraIntrinsics" : {
      "rows" : 3,
      "cols" : 3,
      "type" : 6,
      "data" : [ 330.5979423024357, 0.0, 157.57270820187836, 0.0, 330.79619569484, 114.1940460070871, 0.0, 0.0, 1.0 ]
    },
    "cameraExtrinsics" : {
      "rows" : 1,
      "cols" : 5,
      "type" : 6,
      "data" : [ -0.5788145274720582, 1.35207599314138, -0.001499716068570974, -0.001659613206759916, -2.2927220562880817 ]
    },
    "perViewErrors" : [ 0.3472482389428627, 0.774501626624407, 1.352514107372423, 0.8214153396801588, 0.5942658373352455, 0.58975805466691, 0.31151534092242816, 0.5423953167898731, 0.530794140965271, 0.5484056553593768, 0.3134088472584296, 0.36018261486884434 ],
    "standardDeviation" : 0.28022891817097617
  }, {
    "resolution" : {
      "width" : 640.0,
      "height" : 400.0
    },
    "cameraIntrinsics" : {
      "rows" : 3,
      "cols" : 3,
      "type" : 6,
      "data" : [ 558.0202977043713, 0.0, 335.57629116642687, 0.0, 551.3200413976206, 221.59639195695544, 0.0, 0.0, 1.0 ]
    },
    "cameraExtrinsics" : {
      "rows" : 1,
      "cols" : 5,
      "type" : 6,
      "data" : [ 0.3070626641836217, -8.10258958911228, -0.03117347615301931, -0.006413015708533474, 24.352392698749043 ]
    },
    "perViewErrors" : [ 1.140238042536217, 2.484791520525183, 3.1170544477539313, 3.4595224082190863, 4.47728917381104, 5.311055987227387, 6.531094796326202, 5.055502519936265, 2.251497605740154, 2.1501706443630555, 1.046266894564873, 1.0856767969901726 ],
    "standardDeviation" : 1.7454514291039382
  }, {
    "resolution" : {
      "width" : 640.0,
      "height" : 480.0
    },
    "cameraIntrinsics" : {
      "rows" : 3,
      "cols" : 3,
      "type" : 6,
      "data" : [ 657.1926522353201, 0.0, 333.7905164587517, 0.0, 677.7559881737862, 42.24231698315942, 0.0, 0.0, 1.0 ]
    },
    "cameraExtrinsics" : {
      "rows" : 1,
      "cols" : 5,
      "type" : 6,
      "data" : [ -0.550841447524946, 0.2679735335909913, 0.023672145643521023, -0.0010186404171753521, 0.08442016278191163 ]
    },
    "perViewErrors" : [ 2.154430576520242, 2.8950461021407303, 3.038301618430076, 5.658140684594751, 6.301793271390012, 2.6897562552122682, 3.0466068220914724, 5.210967064462585, 2.310934176984993, 1.796665060879745, 3.2799807256471674, 2.4880174101425654 ],
    "standardDeviation" : 1.413277333153124
  } ],
  "streamIndex" : 0
}