{
  "baseName" : "Arducam OV9281 USB Camera",
  "uniqueName" : "Arducam_OV9281_USB_Camera",
  "nickname" : "Camera3",
  "FOV" : 70.0,
  "path" : "/dev/video0",
  "cameraType" : "UsbCamera",
  "currentPipelineIndex" : -1,
  "calibrations" : [ {
    "resolution" : {
      "width" : 1280.0,
      "height" : 720.0
    },
    "cameraIntrinsics" : {
      "rows" : 3,
      "cols" : 3,
      "type" : 6,
      "data" : [ 907.849892923833, 0.0, 615.9419878231943, 0.0, 918.4843555526235, 305.02880524015444, 0.0, 0.0, 1.0 ]
    },
    "cameraExtrinsics" : {
      "rows" : 1,
      "cols" : 5,
      "type" : 6,
      "data" : [ 0.29054304192657676, -1.62938046606792, -0.010305698677849008, -0.005013665690047454, 3.2170522393020056 ]
    },
    "perViewErrors" : [ 1.3192105726607213, 2.2359363233472926, 2.304634344090499, 2.0771130025585234, 1.768978491783541, 1.926340806057938, 1.8096468364575806, 2.252860842752145, 1.9299435426487164, 1.524050513166043, 4.017335078685393, 0.7333728060055069 ],
    "standardDeviation" : 0.7461811862761613
  }, {
    "resolution" : {
      "width" : 640.0,
      "height" : 480.0
    },
    "cameraIntrinsics" : {
      "rows" : 3,
      "cols" : 3,
      "type" : 6,
      "data" : [ 620.9917171272876, 0.0, 377.4367877312123, 0.0, 599.8719748506505, 200.64412380982338, 0.0, 0.0, 1.0 ]
    },
    "cameraExtrinsics" : {
      "rows" : 1,
      "cols" : 5,
      "type" : 6,
      "data" : [ 0.524728633052364, -1.345582111223026, -0.014474713320354807, 0.08693654041335619, 1.8103302045000988 ]
    },
    "perViewErrors" : [ 0.9228839774885862, 3.9664758657220953, 2.9379835335165096, 1.4120896957097662, 2.110780977656521, 2.054624961181047, 2.7629871186216466, 2.6657124739199967, 4.08718378140577, 2.42942393694489, 2.099513534368537, 1.5834204567477563 ],
    "standardDeviation" : 0.9085899196465687
  }, {
    "resolution" : {
      "width" : 320.0,
      "height" : 240.0
    },
    "cameraIntrinsics" : {
      "rows" : 3,
      "cols" : 3,
      "type" : 6,
      "data" : [ 289.867804320836, 0.0, 147.08657857783186, 0.0, 298.4774353003015, 72.84609677302333, 0.0, 0.0, 1.0 ]
    },
    "cameraExtrinsics" : {
      "rows" : 1,
      "cols" : 5,
      "type" : 6,
      "data" : [ 0.30490805343994526, -0.6655867404015776, -0.06954019541776608, -0.010669195039258438, 1.342958583345885 ]
    },
    "perViewErrors" : [ 0.6561177530915248, 0.7438623104402916, 0.8723025142594291, 0.8845751335104082, 1.1881714565649484, 0.8608782667692814, 0.8185553416680816, 1.0831108323641228, 0.9933098637188226, 0.9040390553634727, 1.188273040206651, 1.3139557657224978 ],
    "standardDeviation" : 0.18954123612400206
  } ],
  "streamIndex" : 0
}