{
  "baseName" : "unicam",
  "uniqueName" : "unicam",
  "nickname" : "Camera0",
  "FOV" : 74.8,
  "path" : "/dev/video0",
  "cameraType" : "ZeroCopyPicam",
  "currentPipelineIndex" : 0,
  "calibrations" : [ {
    "resolution" : {
      "width" : 1920.0,
      "height" : 1080.0
    },
    "cameraIntrinsics" : {
      "rows" : 3,
      "cols" : 3,
      "type" : 6,
      "data" : [ 2053.5739092108265, 0.0, 975.0293541841778, 0.0, 2057.5348797340644, 490.35808568995816, 0.0, 0.0, 1.0 ]
    },
    "cameraExtrinsics" : {
      "rows" : 1,
      "cols" : 5,
      "type" : 6,
      "data" : [ 0.3826520631283463, -2.042790775141539, -0.025282444564000542, 0.0023377600117931423, 4.237655588564044 ]
    },
    "perViewErrors" : [ 2.0056802441957684, 1.579866101127996, 1.2169060084926442, 2.269400851888263, 1.3395747080066043, 1.0865800650645474, 1.8624509842466452, 3.0057703048699884, 1.231050797393288, 4.24979207111856, 3.948255048346116, 1.1195682023684026 ],
    "standardDeviation" : 1.0534586403889001
  }, {
    "resolution" : {
      "width" : 640.0,
      "height" : 480.0
    },
    "cameraIntrinsics" : {
      "rows" : 3,
      "cols" : 3,
      "type" : 6,
      "data" : [ 523.9474988336256, 0.0, 317.8731330133564, 0.0, 523.1483547237532, 255.17309433710517, 0.0, 0.0, 1.0 ]
    },
    "cameraExtrinsics" : {
      "rows" : 1,
      "cols" : 5,
      "type" : 6,
      "data" : [ 0.229512953970681, -0.7011990198928882, -0.0018002334723148945, -0.0012468172245776068, 0.6510546049201837 ]
    },
    "perViewErrors" : [ 0.47452072804199463, 0.6198717584068062, 0.4711849455309205, 1.1758178712754053, 0.6278419834764892, 0.5088737802349722, 0.4122178835733622, 0.5499058441074804, 0.6490880486834867, 0.6036612136626607, 0.5960136204457268, 0.5928367458882146, 0.6995320601620644, 0.36100197089365504 ],
    "standardDeviation" : 0.18524691555978856
  }, {
    "resolution" : {
      "width" : 960.0,
      "height" : 720.0
    },
    "cameraIntrinsics" : {
      "rows" : 3,
      "cols" : 3,
      "type" : 6,
      "data" : [ 788.2444690894033, 0.0, 492.628346547769, 0.0, 786.5208123936428, 394.3709964941937, 0.0, 0.0, 1.0 ]
    },
    "cameraExtrinsics" : {
      "rows" : 1,
      "cols" : 5,
      "type" : 6,
      "data" : [ 0.28088752850955606, -0.8375336099112801, 0.011429481042222515, 0.009628131713604892, 1.005023232929077 ]
    },
    "perViewErrors" : [ 0.47823234844934864, 0.34667632954978883, 0.4226363849941027, 0.670902845377993, 0.6608316648202432, 0.49937601757432065, 0.547381774182367, 0.6088474052867336, 1.806343134700089, 0.5616460942387004, 0.49759733861565214, 1.4632919894641285, 0.9205221004863468 ],
    "standardDeviation" : 0.4140949146545976
  }, {
    "resolution" : {
      "width" : 1280.0,
      "height" : 720.0
    },
    "cameraIntrinsics" : {
      "rows" : 3,
      "cols" : 3,
      "type" : 6,
      "data" : [ 1395.028315965823, 0.0, 648.5239141672434, 0.0, 1396.0030835679797, 410.25798605855596, 0.0, 0.0, 1.0 ]
    },
    "cameraExtrinsics" : {
      "rows" : 1,
      "cols" : 5,
      "type" : 6,
      "data" : [ 0.18818130019239876, 0.08203730882988247, 0.006162574574725893, 0.003411469851505727, -2.4089187316683236 ]
    },
    "perViewErrors" : [ 0.28054059637675527, 0.41068267642822626, 0.7218888673537878, 2.178617678700963, 0.9522592782672779, 0.5752796837280508, 0.317318885182998, 0.6557560774899684, 0.8953716466594038, 0.7782156033871035, 0.7825545151115467, 0.612846725131471 ],
    "standardDeviation" : 0.47297188074719015
  } ],
  "streamIndex" : 0
}