{
  "baseName" : "Arducam OV9281 USB Camera",
  "uniqueName" : "Arducam_OV9281_USB_Camera",
  "nickname" : "Camera4",
  "FOV" : 70.0,
  "path" : "/dev/video0",
  "cameraType" : "UsbCamera",
  "currentPipelineIndex" : -1,
  "calibrations" : [ {
    "resolution" : {
      "width" : 1280.0,
      "height" : 800.0
    },
    "cameraIntrinsics" : {
      "rows" : 3,
      "cols" : 3,
      "type" : 6,
      "data" : [ 880.1943996203828, 0.0, 588.7614964138439, 0.0, 880.6356738689526, 425.7200758293062, 0.0, 0.0, 1.0 ]
    },
    "cameraExtrinsics" : {
      "rows" : 1,
      "cols" : 5,
      "type" : 6,
      "data" : [ -0.04356362586923242, 0.1808550603307476, 0.009581092855128159, -0.01464102160799254, -0.10057536842524241 ]
    },
    "perViewErrors" : [ 0.909302272992889, 0.9074712066854682, 0.874979293862885, 0.9474653987005249, 0.7297417460290321, 0.9184134192482202, 1.3669747259914107, 1.109859860684756, 0.9312535753550398, 1.2931695555548643, 0.8143397083751595, 0.3426611312536146 ],
    "standardDeviation" : 0.25133362659016856
  }, {
    "resolution" : {
      "width" : 1280.0,
      "height" : 720.0
    },
    "cameraIntrinsics" : {
      "rows" : 3,
      "cols" : 3,
      "type" : 6,
      "data" : [ 883.1839206188578, 0.0, 627.6468721977561, 0.0, 884.3851207861177, 376.89153302452775, 0.0, 0.0, 1.0 ]
    },
    "cameraExtrinsics" : {
      "rows" : 1,
      "cols" : 5,
      "type" : 6,
      "data" : [ -0.07489166513805898, 0.9258546693540488, 0.012052220869308466, 0.001274323671189142, -2.440977547756759 ]
    },
    "perViewErrors" : [ 1.0454155812398218, 2.609859531783304, 1.733854452063137, 0.7238125254623619, 1.1552050245280296, 1.2158473320527614, 1.170300279382355, 1.7416768642250622, 0.5111152014175359, 1.308561931165017, 1.4025531954108612, 0.8822628053301967 ],
    "standardDeviation" : 0.5281511056587164
  }, {
    "resolution" : {
      "width" : 800.0,
      "height" : 600.0
    },
    "cameraIntrinsics" : {
      "rows" : 3,
      "cols" : 3,
      "type" : 6,
      "data" : [ 659.5456392113069, 0.0, 373.54380116489034, 0.0, 663.8150397028721, 323.39329036966404, 0.0, 0.0, 1.0 ]
    },
    "cameraExtrinsics" : {
      "rows" : 1,
      "cols" : 5,
      "type" : 6,
      "data" : [ 0.009094602080805314, 0.013345239113077214, 0.012455106149698057, -0.013171394314253477, -0.11428723141133482 ]
    },
    "perViewErrors" : [ 0.20555293978952033, 0.5406359493751544, 0.6204009452859771, 0.6240493048518554, 0.6500383021670131, 0.7456140195201584, 0.8813934273330727, 0.9098553489146824, 0.6125840799700287, 0.5924629288198839, 0.7009619698612508, 0.270299059264618 ],
    "standardDeviation" : 0.19919541686905862
  }, {
    "resolution" : {
      "width" : 640.0,
      "height" : 480.0
    },
    "cameraIntrinsics" : {
      "rows" : 3,
      "cols" : 3,
      "type" : 6,
      "data" : [ 532.817473552378, 0.0, 296.5535680236648, 0.0, 535.00800489758, 250.25452164967774, 0.0, 0.0, 1.0 ]
    },
    "cameraExtrinsics" : {
      "rows" : 1,
      "cols" : 5,
      "type" : 6,
      "data" : [ 0.06420242515468841, -0.19501273076727568, 0.009088091518700485, -0.011597596353950518, 0.17504034723986153 ]
    },
    "perViewErrors" : [ 0.2681171547057202, 0.6806967732358664, 0.6354153756311344, 0.5016593977198714, 0.48041239550398973, 0.5608507011687208, 0.2826990931125989, 0.5290092280431026, 0.3456949575000827, 0.6060052485982349, 0.3485933239973774, 0.20433480768283355 ],
    "standardDeviation" : 0.1517918105799884
  }, {
    "resolution" : {
      "width" : 320.0,
      "height" : 240.0
    },
    "cameraIntrinsics" : {
      "rows" : 3,
      "cols" : 3,
      "type" : 6,
      "data" : [ 271.2281872816076, 0.0, 152.89345821441353, 0.0, 270.8995426799288, 120.10887941905823, 0.0, 0.0, 1.0 ]
    },
    "cameraExtrinsics" : {
      "rows" : 1,
      "cols" : 5,
      "type" : 6,
      "data" : [ -0.030517041075906297, 0.2554988913345849, 0.005586010411880027, -0.002580338679387996, -0.5911587545863723 ]
    },
    "perViewErrors" : [ 0.2897056735408635, 0.34958815070544924, 0.24501008328886126, 0.22163880004260006, 0.33219332198403945, 0.2854439474780013, 0.2715575310685814, 0.3608791611602496, 0.286271002667361, 0.4284781244846302, 0.34546158810529726, 0.2414167710831562 ],
    "standardDeviation" : 0.05730751978004269
  } ],
  "streamIndex" : 0
}