{
  "baseName" : "unicam",
  "uniqueName" : "unicam",
  "nickname" : "OV9281",
  "FOV" : 70.0,
  "path" : "/dev/video0",
  "cameraType" : "ZeroCopyPicam",
  "currentPipelineIndex" : 0,
  "calibrations" : [ {
    "resolution" : {
      "width" : 640.0,
      "height" : 480.0
    },
    "cameraIntrinsics" : {
      "rows" : 3,
      "cols" : 3,
      "type" : 6,
      "data" : [ 645.8927422830214, 0.0, 357.61036684155886, 0.0, 642.2359863066476, 260.81513789603326, 0.0, 0.0, 1.0 ]
    },
    "cameraExtrinsics" : {
      "rows" : 1,
      "cols" : 5,
      "type" : 6,
      "data" : [ -0.4268889619583653, 0.19884299680133133, 0.00195819707283109, 0.0019120242544086725, -0.18102548276366018 ]
    },
    "perViewErrors" : [ 0.17603141820234797, 0.3116304383115144, 0.41716466263054053, 0.43150270693649445, 0.44487497245232477, 0.40970905904868393, 0.43063643215237163, 1.1133811467614207, 0.5006890829266736, 0.5400869120308207, 0.2900116177492313, 0.7491745070187336 ],
    "standardDeviation" : 0.23258804258438115
  }, {
    "resolution" : {
      "width" : 640.0,
      "height" : 400.0
    },
    "cameraIntrinsics" : {
      "rows" : 3,
      "cols" : 3,
      "type" : 6,
      "data" : [ 546.3650984908602, 0.0, 314.04864173957316, 0.0, 545.3477897100308, 190.73250520885915, 0.0, 0.0, 1.0 ]
    },
    "cameraExtrinsics" : {
      "rows" : 1,
      "cols" : 5,
      "type" : 6,
      "data" : [ -0.5823570778908954, 1.8530885362137022, -0.003081355890246513, 0.008368522511457158, -5.0787607280819485 ]
    },
    "perViewErrors" : [ 0.29956296822900247, 0.7562118115776282, 0.6122613568582128, 0.36981405996110595, 0.7209873002959459, 1.290713383935239, 0.41199723733431975, 0.992414074402011, 0.212068856667673, 0.141984203245508, 0.754506553039407, 1.5170339986083499 ],
    "standardDeviation" : 0.4092148649819065
  }, {
    "resolution" : {
      "width" : 1280.0,
      "height" : 800.0
    },
    "cameraIntrinsics" : {
      "rows" : 3,
      "cols" : 3,
      "type" : 6,
      "data" : [ 1081.1226316736497, 0.0, 778.1975409220822, 0.0, 1073.37516150521, 334.31104851883185, 0.0, 0.0, 1.0 ]
    },
    "cameraExtrinsics" : {
      "rows" : 1,
      "cols" : 5,
      "type" : 6,
      "data" : [ -0.39933950615863, -0.7651903353583409, 0.0036997458158608497, -0.014202329557981862, 3.735525076776576 ]
    },
    "perViewErrors" : [ 0.6913893307356452, 0.9135597332633295, 0.9203009659560787, 0.8505002811334812, 2.167853811303713, 0.705777841417837, 1.236202084332685, 1.0158424205432246, 0.9483784755214627, 0.9570940674962796, 0.830519566361281, 1.1139332020300055 ],
    "standardDeviation" : 0.37347790321425717
  }, {
    "resolution" : {
      "width" : 320.0,
      "height" : 240.0
    },
    "cameraIntrinsics" : {
      "rows" : 3,
      "cols" : 3,
      "type" : 6,
      "data" : [ 330.421540735043, 0.0, 188.04292903157383, 0.0, 329.6113225831877, 118.66247185306959, 0.0, 0.0, 1.0 ]
    },
    "cameraExtrinsics" : {
      "rows" : 1,
      "cols" : 5,
      "type" : 6,
      "data" : [ -0.4362440061745637, -0.14083414125159086, 0.0034821289256527607, -0.010069662025778432, 0.7423057013716916 ]
    },
    "perViewErrors" : [ 0.44503037208698165, 0.32617993808764456, 0.3976456582666588, 0.8077064529761471, 0.771956653817006, 0.7589876481412816, 0.41296806052252727, 0.3413326918978504, 0.3572237478020044, 0.5126708478476641, 0.28810014191543615, 0.42949425771398553 ],
    "standardDeviation" : 0.17811635514574722
  } ],
  "streamIndex" : 0
}