{
  "baseName" : "USB webcam",
  "uniqueName" : "USB_webcam",
  "nickname" : "Camera4",
  "FOV" : 70.0,
  "path" : "/dev/video0",
  "cameraType" : "UsbCamera",
  "currentPipelineIndex" : -1,
  "calibrations" : [ {
    "resolution" : {
      "width" : 640.0,
      "height" : 400.0
    },
    "cameraIntrinsics" : {
      "rows" : 3,
      "cols" : 3,
      "type" : 6,
      "data" : [ 390.90445789944437, 0.0, 320.8813473449188, 0.0, 392.43937907772425, 217.4008359512726, 0.0, 0.0, 1.0 ]
    },
    "cameraExtrinsics" : {
      "rows" : 1,
      "cols" : 5,
      "type" : 6,
      "data" : [ 0.04883625859750901, -0.029106180801476176, -0.01644541164834845, -0.007332033925666972, -0.14687597074765943 ]
    },
    "perViewErrors" : [ 0.36114494346308335, 0.5872381879689921, 0.33533955863505027, 0.5179708529929704, 1.7031617828726553, 2.454559463410523, 0.31258236707080744, 0.27181751730069026, 0.30542326693647803, 0.33072347486645576, 0.3554310718681515, 0.6020231349347933, 0.6127959288925051, 0.5259060004255465, 0.584212471331103, 0.6908067823606828, 0.6225565686344292, 0.3060005741378215, 0.4016795739995477, 0.4012392317669055, 0.41539673461557003, 0.3498122230744536 ],
    "standardDeviation" : 0.4988765085358151
  }, {
    "resolution" : {
      "width" : 640.0,
      "height" : 360.0
    },
    "cameraIntrinsics" : {
      "rows" : 3,
      "cols" : 3,
      "type" : 6,
      "data" : [ 355.38696172811785, 0.0, 326.36739679142175, 0.0, 356.6654432774256, 204.00379337754183, 0.0, 0.0, 1.0 ]
    },
    "cameraExtrinsics" : {
      "rows" : 1,
      "cols" : 5,
      "type" : 6,
      "data" : [ 0.01628024911194338, 0.10250090428613455, -0.01071955780538483, 0.0014426350660381932, -0.29147154073048775 ]
    },
    "perViewErrors" : [ 0.9459424117998361, 0.4618019804419009, 0.6422471575784768, 0.5803568331309373, 0.27661569230141114, 0.4921915687380835, 0.8983797901102867, 0.7036198681623531, 0.7111007680885362, 0.4537583042589999, 0.5243687274387323, 0.3923906478922385, 0.43867392044889725 ],
    "standardDeviation" : 0.18801032033107004
  }, {
    "resolution" : {
      "width" : 424.0,
      "height" : 240.0
    },
    "cameraIntrinsics" : {
      "rows" : 3,
      "cols" : 3,
      "type" : 6,
      "data" : [ 240.68702146235898, 0.0, 220.0863656801093, 0.0, 241.65297178042044, 133.0369487993889, 0.0, 0.0, 1.0 ]
    },
    "cameraExtrinsics" : {
      "rows" : 1,
      "cols" : 5,
      "type" : 6,
      "data" : [ 0.019443710413388413, -0.042295273082218365, -0.015248551186150414, 0.004262758472469507, -0.03351589905198089 ]
    },
    "perViewErrors" : [ 0.39522342900614466, 0.35847414382230686, 0.372570921648772, 0.5402746576944798, 0.8808671340019167, 0.4633465804183361, 0.31358131023328717, 0.4639465757334337, 0.35066682203442956, 0.626133613140073, 0.39275369801573046, 0.5652148831720134, 0.564843620336957, 0.5500573966479414 ],
    "standardDeviation" : 0.14395500211242107
  }, {
    "resolution" : {
      "width" : 352.0,
      "height" : 288.0
    },
    "cameraIntrinsics" : {
      "rows" : 3,
      "cols" : 3,
      "type" : 6,
      "data" : [ 264.35162716320144, 0.0, 182.33284761004802, 0.0, 287.0900219742183, 156.35065931430097, 0.0, 0.0, 1.0 ]
    },
    "cameraExtrinsics" : {
      "rows" : 1,
      "cols" : 5,
      "type" : 6,
      "data" : [ 0.09163043078075347, -0.5705263604203248, -0.019716032167949534, 0.005135919676730447, 1.3352055795397417 ]
    },
    "perViewErrors" : [ 0.318651492961189, 0.43548305033711254, 0.4562443439656963, 0.39667462474014525, 0.4062852276889104, 0.46265108643531344, 0.28732190937444224, 0.33871170254891614, 0.4944533411451689, 0.7793164522155542, 0.5904083044332147, 0.4114996893528638, 0.320254720093574 ],
    "standardDeviation" : 0.1264740182749511
  }, {
    "resolution" : {
      "width" : 320.0,
      "height" : 240.0
    },
    "cameraIntrinsics" : {
      "rows" : 3,
      "cols" : 3,
      "type" : 6,
      "data" : [ 236.14457185069176, 0.0, 165.41951053858543, 0.0, 236.88492801583513, 133.90842008977484, 0.0, 0.0, 1.0 ]
    },
    "cameraExtrinsics" : {
      "rows" : 1,
      "cols" : 5,
      "type" : 6,
      "data" : [ 0.047564373622766956, -0.2526158367395402, -0.013941670861444901, 0.003608407343277456, 0.7673202895363828 ]
    },
    "perViewErrors" : [ 0.29234323362506104, 0.3161471170778281, 0.3537042043248411, 0.2830599833915948, 0.49661837671772713, 0.5919166011608004, 0.4418213529502896, 0.5365377606777899, 0.3075263082801243, 0.5288135913694211, 0.4858951337989358, 0.2507468584826972 ],
    "standardDeviation" : 0.11372228494183081
  }, {
    "resolution" : {
      "width" : 176.0,
      "height" : 144.0
    },
    "cameraIntrinsics" : {
      "rows" : 3,
      "cols" : 3,
      "type" : 6,
      "data" : [ 145.35222170715855, 0.0, 90.65801674895957, 0.0, 145.74831373501274, 82.28485663186449, 0.0, 0.0, 1.0 ]
    },
    "cameraExtrinsics" : {
      "rows" : 1,
      "cols" : 5,
      "type" : 6,
      "data" : [ 0.014492028987748526, -0.011472503319088643, -0.01048507568210553, 0.001933829707778123, 0.21542531706876758 ]
    },
    "perViewErrors" : [ 0.16981115241982656, 0.18002560384718408, 0.17739311289946164, 0.16827231553142424, 0.1683732146452323, 0.17644202748212628, 0.16989357812020334, 0.25534358886648234, 0.20567175014544314, 0.21559055547785108, 0.2160379123734938, 0.21665413640665093, 0.20207584072688217, 0.1650873775055872, 0.14777940862001485 ],
    "standardDeviation" : 0.027429321980965413
  }, {
    "resolution" : {
      "width" : 160.0,
      "height" : 120.0
    },
    "cameraIntrinsics" : {
      "rows" : 3,
      "cols" : 3,
      "type" : 6,
      "data" : [ 119.83780231830909, 0.0, 81.49319511704346, 0.0, 120.1083169615335, 70.0537668203891, 0.0, 0.0, 1.0 ]
    },
    "cameraExtrinsics" : {
      "rows" : 1,
      "cols" : 5,
      "type" : 6,
      "data" : [ -0.05200800785804892, 0.46071904101126215, -0.005082094115789664, -0.001744085430930894, -0.7544826057220877 ]
    },
    "perViewErrors" : [ 0.16266379759795954, 0.1798524565860927, 0.18174080421521904, 0.14080537368140883, 0.14910089146626238, 0.15612852957679846, 0.17375317445384564, 0.1734675414881665, 0.16632425712784793, 0.21469200414092662, 0.2640866493593813, 0.19297600806995385 ],
    "standardDeviation" : 0.03172012448085593
  }, {
    "resolution" : {
      "width" : 1280.0,
      "height" : 720.0
    },
    "cameraIntrinsics" : {
      "rows" : 3,
      "cols" : 3,
      "type" : 6,
      "data" : [ 737.518774652714, 0.0, 663.0414375901231, 0.0, 736.7601138274971, 434.65729167729137, 0.0, 0.0, 1.0 ]
    },
    "cameraExtrinsics" : {
      "rows" : 1,
      "cols" : 5,
      "type" : 6,
      "data" : [ 0.08415381154262132, -0.03509470748221816, -0.0012381055241720792, -0.001085275759160478, -0.12786077903166093 ]
    },
    "perViewErrors" : [ 1.151581042697865, 0.6298600018338024, 0.7436418509269053, 0.7649542337213985, 0.8063507135918261, 0.7765344855502979, 0.9927233392520967, 0.9727932227651636, 0.9358844797012349, 0.7167039566494411, 0.9683261728953507, 1.3411130067430324 ],
    "standardDeviation" : 0.193863897775245
  }, {
    "resolution" : {
      "width" : 960.0,
      "height" : 540.0
    },
    "cameraIntrinsics" : {
      "rows" : 3,
      "cols" : 3,
      "type" : 6,
      "data" : [ 569.5448663912447, 0.0, 501.2620241925975, 0.0, 569.3795944405091, 328.6594496134699, 0.0, 0.0, 1.0 ]
    },
    "cameraExtrinsics" : {
      "rows" : 1,
      "cols" : 5,
      "type" : 6,
      "data" : [ 0.12104492122798374, -0.08060080399650464, -0.0020978429687786727, -0.001555552797866078, -0.14389147348540685 ]
    },
    "perViewErrors" : [ 0.6588967013760563, 0.8057194278485277, 0.9783526704799218, 0.8225433662209313, 2.4068801765502794, 0.993734922355174, 1.0298510843603728, 0.7232843635591726, 0.6911251743124096, 0.6190390282244956, 0.7275890298401189, 1.2766661967318294 ],
    "standardDeviation" : 0.4679962593711825
  } ],
  "streamIndex" : 0
}