{
  "baseName" : "Arducam OV9281 USB Camera",
  "uniqueName" : "Arducam_OV9281_USB_Camera",
  "nickname" : "Camera4",
  "FOV" : 70.0,
  "path" : "/dev/video0",
  "cameraType" : "UsbCamera",
  "currentPipelineIndex" : -1,
  "calibrations" : [ {
    "resolution" : {
      "width" : 800.0,
      "height" : 600.0
    },
    "cameraIntrinsics" : {
      "rows" : 3,
      "cols" : 3,
      "type" : 6,
      "data" : [ 663.6986741892796, 0.0, 366.11168346309756, 0.0, 664.1511865053018, 320.92948586466593, 0.0, 0.0, 1.0 ]
    },
    "cameraExtrinsics" : {
      "rows" : 1,
      "cols" : 5,
      "type" : 6,
      "data" : [ 0.03861217933281078, -0.15552529261398432, 0.004792001809081762, -0.0022497197376566648, 0.5319922128451824 ]
    },
    "perViewErrors" : [ 0.5679326607814984, 0.4074043054439677, 0.6898362404252447, 0.6900449252064405, 0.30274396442356233, 0.46556576268468514, 0.7112510628730354, 0.6576050198798898, 0.7892302874200483, 0.9190455881438958, 0.6255780095256239, 0.47325038085915866 ],
    "standardDeviation" : 0.16581163279361874
  }, {
    "resolution" : {
      "width" : 1280.0,
      "height" : 720.0
    },
    "cameraIntrinsics" : {
      "rows" : 3,
      "cols" : 3,
      "type" : 6,
      "data" : [ 895.2926916861662, 0.0, 623.3736830356439, 0.0, 904.7201283700816, 365.1370261882835, 0.0, 0.0, 1.0 ]
    },
    "cameraExtrinsics" : {
      "rows" : 1,
      "cols" : 5,
      "type" : 6,
      "data" : [ 0.0841476950652631, 0.049503856701139035, 0.005834763475361319, -3.5249354412940446E-4, -0.2599356158952879 ]
    },
    "perViewErrors" : [ 0.982111531176198, 1.4675118277868997, 1.2189831752900842, 1.6069265235847732, 5.806675122769063, 1.3738492155886481, 1.485449727449565, 1.0582934803659512, 4.488103163290269, 3.414868828429989, 1.5801573058403842, 9.391866520201551 ],
    "standardDeviation" : 2.466459181638752
  }, {
    "resolution" : {
      "width" : 640.0,
      "height" : 480.0
    },
    "cameraIntrinsics" : {
      "rows" : 3,
      "cols" : 3,
      "type" : 6,
      "data" : [ 655.9001610524554, 0.0, 337.909896846578, 0.0, 670.9870392413014, 303.47504068620026, 0.0, 0.0, 1.0 ]
    },
    "cameraExtrinsics" : {
      "rows" : 1,
      "cols" : 5,
      "type" : 6,
      "data" : [ 0.03423991730118328, 0.5147083555551427, 0.0479312824429225, 0.01101393793260955, -0.7778960476613305 ]
    },
    "perViewErrors" : [ 1.1936071496546181, 1.084369588743642, 1.708517132373272, 3.229705644844205, 1.3055710421870332, 2.6787099262287124, 5.53331033731674, 3.142284178538891, 1.9621862207307903, 1.544607922594935, 2.0055490816858628, 1.8253448526768687, 1.4604326173477635 ],
    "standardDeviation" : 1.170080168180917
  }, {
    "resolution" : {
      "width" : 320.0,
      "height" : 240.0
    },
    "cameraIntrinsics" : {
      "rows" : 3,
      "cols" : 3,
      "type" : 6,
      "data" : [ 305.1056193771718, 0.0, 173.45748304555306, 0.0, 315.77925764378267, 154.89116411849466, 0.0, 0.0, 1.0 ]
    },
    "cameraExtrinsics" : {
      "rows" : 1,
      "cols" : 5,
      "type" : 6,
      "data" : [ 0.36264415117955345, -0.7134910952645706, 0.08387084176157028, 0.009676685156341784, 1.4714920627277017 ]
    },
    "perViewErrors" : [ 0.7961900163815464, 1.4481294169932837, 1.1236662784995866, 0.6401600308412806, 1.1556334387332574, 1.7267533925168401, 1.8348914622857635, 1.4437689557504227, 1.6617547346866999, 1.20417626711767, 1.3693664216554073, 1.3536314389442716 ],
    "standardDeviation" : 0.3412771241058119
  } ],
  "streamIndex" : 0
}