{
  "baseName" : "USB webcam",
  "uniqueName" : "USB_webcam",
  "nickname" : "Camera4",
  "FOV" : 70.0,
  "path" : "/dev/video0",
  "cameraType" : "UsbCamera",
  "currentPipelineIndex" : -1,
  "calibrations" : [ {
    "resolution" : {
      "width" : 352.0,
      "height" : 288.0
    },
    "cameraIntrinsics" : {
      "rows" : 3,
      "cols" : 3,
      "type" : 6,
      "data" : [ 264.35162716320144, 0.0, 182.33284761004802, 0.0, 287.0900219742183, 156.35065931430097, 0.0, 0.0, 1.0 ]
    },
    "cameraExtrinsics" : {
      "rows" : 1,
      "cols" : 5,
      "type" : 6,
      "data" : [ 0.09163043078075347, -0.5705263604203248, -0.019716032167949534, 0.005135919676730447, 1.3352055795397417 ]
    },
    "perViewErrors" : [ 0.318651492961189, 0.43548305033711254, 0.4562443439656963, 0.39667462474014525, 0.4062852276889104, 0.46265108643531344, 0.28732190937444224, 0.33871170254891614, 0.4944533411451689, 0.7793164522155542, 0.5904083044332147, 0.4114996893528638, 0.320254720093574 ],
    "standardDeviation" : 0.1264740182749511
  }, {
    "resolution" : {
      "width" : 320.0,
      "height" : 240.0
    },
    "cameraIntrinsics" : {
      "rows" : 3,
      "cols" : 3,
      "type" : 6,
      "data" : [ 236.14457185069176, 0.0, 165.41951053858543, 0.0, 236.88492801583513, 133.90842008977484, 0.0, 0.0, 1.0 ]
    },
    "cameraExtrinsics" : {
      "rows" : 1,
      "cols" : 5,
      "type" : 6,
      "data" : [ 0.047564373622766956, -0.2526158367395402, -0.013941670861444901, 0.003608407343277456, 0.7673202895363828 ]
    },
    "perViewErrors" : [ 0.29234323362506104, 0.3161471170778281, 0.3537042043248411, 0.2830599833915948, 0.49661837671772713, 0.5919166011608004, 0.4418213529502896, 0.5365377606777899, 0.3075263082801243, 0.5288135913694211, 0.4858951337989358, 0.2507468584826972 ],
    "standardDeviation" : 0.11372228494183081
  }, {
    "resolution" : {
      "width" : 176.0,
      "height" : 144.0
    },
    "cameraIntrinsics" : {
      "rows" : 3,
      "cols" : 3,
      "type" : 6,
      "data" : [ 145.35222170715855, 0.0, 90.65801674895957, 0.0, 145.74831373501274, 82.28485663186449, 0.0, 0.0, 1.0 ]
    },
    "cameraExtrinsics" : {
      "rows" : 1,
      "cols" : 5,
      "type" : 6,
      "data" : [ 0.014492028987748526, -0.011472503319088643, -0.01048507568210553, 0.001933829707778123, 0.21542531706876758 ]
    },
    "perViewErrors" : [ 0.16981115241982656, 0.18002560384718408, 0.17739311289946164, 0.16827231553142424, 0.1683732146452323, 0.17644202748212628, 0.16989357812020334, 0.25534358886648234, 0.20567175014544314, 0.21559055547785108, 0.2160379123734938, 0.21665413640665093, 0.20207584072688217, 0.1650873775055872, 0.14777940862001485 ],
    "standardDeviation" : 0.027429321980965413
  }, {
    "resolution" : {
      "width" : 160.0,
      "height" : 120.0
    },
    "cameraIntrinsics" : {
      "rows" : 3,
      "cols" : 3,
      "type" : 6,
      "data" : [ 119.83780231830909, 0.0, 81.49319511704346, 0.0, 120.1083169615335, 70.0537668203891, 0.0, 0.0, 1.0 ]
    },
    "cameraExtrinsics" : {
      "rows" : 1,
      "cols" : 5,
      "type" : 6,
      "data" : [ -0.05200800785804892, 0.46071904101126215, -0.005082094115789664, -0.001744085430930894, -0.7544826057220877 ]
    },
    "perViewErrors" : [ 0.16266379759795954, 0.1798524565860927, 0.18174080421521904, 0.14080537368140883, 0.14910089146626238, 0.15612852957679846, 0.17375317445384564, 0.1734675414881665, 0.16632425712784793, 0.21469200414092662, 0.2640866493593813, 0.19297600806995385 ],
    "standardDeviation" : 0.03172012448085593
  }, {
    "resolution" : {
      "width" : 1280.0,
      "height" : 720.0
    },
    "cameraIntrinsics" : {
      "rows" : 3,
      "cols" : 3,
      "type" : 6,
      "data" : [ 714.4513967354633, 0.0, 698.1713456399677, 0.0, 717.0706069094557, 423.23376006978043, 0.0, 0.0, 1.0 ]
    },
    "cameraExtrinsics" : {
      "rows" : 1,
      "cols" : 5,
      "type" : 6,
      "data" : [ 0.05729303545094326, -0.1466180044188451, -0.006579658604229443, 0.02195205203960923, 0.0997596177288713 ]
    },
    "perViewErrors" : [ 0.7205328132088425, 0.9297072493032872, 2.5939314542330196, 3.2551654401406522, 0.7494560618884418, 0.5212710830936922, 1.2045546729188166, 0.8586826921664182, 0.5649140761733505, 1.359833448826381, 0.6919838566635709, 0.5768737849241216 ],
    "standardDeviation" : 0.832342353827124
  }, {
    "resolution" : {
      "width" : 960.0,
      "height" : 540.0
    },
    "cameraIntrinsics" : {
      "rows" : 3,
      "cols" : 3,
      "type" : 6,
      "data" : [ 554.7869092777149, 0.0, 524.3440772895375, 0.0, 555.3554480114753, 314.67331665214675, 0.0, 0.0, 1.0 ]
    },
    "cameraExtrinsics" : {
      "rows" : 1,
      "cols" : 5,
      "type" : 6,
      "data" : [ 0.03801355109536431, 0.6419967343238051, -0.011077355554271662, 0.013014002422924068, -2.0172414351023122 ]
    },
    "perViewErrors" : [ 0.34043357783795364, 0.8334937985591276, 0.6780344759388047, 0.48074212785778103, 0.4407115867709805, 0.5458466481840668, 0.6069096593132989, 0.9925831317553399, 0.8186668892402283, 0.5759466614885851, 0.5204660273880665, 0.34780228260552365 ],
    "standardDeviation" : 0.19213180294376608
  }, {
    "resolution" : {
      "width" : 640.0,
      "height" : 400.0
    },
    "cameraIntrinsics" : {
      "rows" : 3,
      "cols" : 3,
      "type" : 6,
      "data" : [ 400.52990693660826, 0.0, 334.39692174394736, 0.0, 400.345374091412, 244.54065776917975, 0.0, 0.0, 1.0 ]
    },
    "cameraExtrinsics" : {
      "rows" : 1,
      "cols" : 5,
      "type" : 6,
      "data" : [ 0.062216666919552785, 0.08244005558106467, 0.0013935451938289097, -0.004544256965267568, -0.2641549822467999 ]
    },
    "perViewErrors" : [ 0.24056960375076095, 0.5558865136023566, 0.47928899039370726, 0.34201044314670953, 0.510206795484662, 0.6175065561448462, 0.546763225178074, 0.21511754408434144, 0.550776399056307, 0.26226039199253237, 0.3279271634257903, 0.27068412211746007 ],
    "standardDeviation" : 0.14053071107836515
  }, {
    "resolution" : {
      "width" : 640.0,
      "height" : 360.0
    },
    "cameraIntrinsics" : {
      "rows" : 3,
      "cols" : 3,
      "type" : 6,
      "data" : [ 371.43782866063475, 0.0, 340.7040229047206, 0.0, 371.1425092855069, 211.61538043119225, 0.0, 0.0, 1.0 ]
    },
    "cameraExtrinsics" : {
      "rows" : 1,
      "cols" : 5,
      "type" : 6,
      "data" : [ 0.016795189544199646, 0.38336434677445097, -0.012664219395294113, 0.00520363507611765, -0.8821945635980261 ]
    },
    "perViewErrors" : [ 0.26397638137377416, 0.46925581120756155, 0.48496732318388375, 0.530611996644667, 0.5115498929727826, 0.5694910734399939, 0.4557496186215753, 0.4458838219416206, 0.4529958289883983, 0.49112126407398465, 0.666372001239224, 0.20847671909536625 ],
    "standardDeviation" : 0.11753618194817125
  }, {
    "resolution" : {
      "width" : 424.0,
      "height" : 240.0
    },
    "cameraIntrinsics" : {
      "rows" : 3,
      "cols" : 3,
      "type" : 6,
      "data" : [ 244.16651773356142, 0.0, 225.73557460839712, 0.0, 244.07481672701203, 141.35235300831278, 0.0, 0.0, 1.0 ]
    },
    "cameraExtrinsics" : {
      "rows" : 1,
      "cols" : 5,
      "type" : 6,
      "data" : [ -6.33371331685389E-4, 0.11509738618489428, -0.010125238634325755, 0.001817094597405503, -0.254194261084712 ]
    },
    "perViewErrors" : [ 0.16611629707059558, 0.2306742284846843, 0.3887123576617217, 0.38610693587010014, 0.40642541650673275, 0.2722960214720484, 0.27403595890803134, 0.43182058926334826, 0.5221799600103302, 0.3521999388205575, 0.39406753123571003, 0.3010286244362654 ],
    "standardDeviation" : 0.09401751897589453
  } ],
  "streamIndex" : 0
}