{
  "baseName" : "Arducam OV9281 USB Camera",
  "uniqueName" : "Arducam_OV9281_USB_Camera",
  "nickname" : "Camera2",
  "FOV" : 70.0,
  "path" : "/dev/video0",
  "cameraType" : "UsbCamera",
  "currentPipelineIndex" : -1,
  "calibrations" : [ {
    "resolution" : {
      "width" : 1280.0,
      "height" : 800.0
    },
    "cameraIntrinsics" : {
      "rows" : 3,
      "cols" : 3,
      "type" : 6,
      "data" : [ 891.9030886119999, 0.0, 610.4439813876666, 0.0, 893.9207790079703, 427.12812833471315, 0.0, 0.0, 1.0 ]
    },
    "cameraExtrinsics" : {
      "rows" : 1,
      "cols" : 5,
      "type" : 6,
      "data" : [ -0.0687145431885046, 0.26521934233107536, -0.0011788662351533133, 0.0057541145727879675, -0.325450503768589 ]
    },
    "perViewErrors" : [ 0.3551051791270194, 1.326925195914882, 1.3058498032590629, 1.2421357995664972, 0.9191559213434476, 0.9118934311558866, 0.7926186603172224, 1.530536026143203, 1.7458523537384514, 0.7948408126994257, 0.9936742724754172, 0.7235556299200125 ],
    "standardDeviation" : 0.37128184569662404
  }, {
    "resolution" : {
      "width" : 1280.0,
      "height" : 720.0
    },
    "cameraIntrinsics" : {
      "rows" : 3,
      "cols" : 3,
      "type" : 6,
      "data" : [ 879.7755941290646, 0.0, 643.4002362950513, 0.0, 879.6621783481536, 402.5907523318762, 0.0, 0.0, 1.0 ]
    },
    "cameraExtrinsics" : {
      "rows" : 1,
      "cols" : 5,
      "type" : 6,
      "data" : [ -0.11183053800510179, 0.7454226570922599, 0.008698704065636933, 0.012864763560315465, -1.4918644808125097 ]
    },
    "perViewErrors" : [ 8.019828439259708, 7.359758531407389, 1.0661588223732295, 0.8835963891647105, 1.8422268017050107, 1.0655937484106026, 1.4921311946243823, 2.7508452129109746, 1.3061680022101008, 1.0521677815326231, 1.4635424095708363, 0.643914060408311 ],
    "standardDeviation" : 2.419908638099976
  }, {
    "resolution" : {
      "width" : 640.0,
      "height" : 480.0
    },
    "cameraIntrinsics" : {
      "rows" : 3,
      "cols" : 3,
      "type" : 6,
      "data" : [ 536.9865643493506, 0.0, 298.5474404123524, 0.0, 537.4416201579925, 269.4862968385867, 0.0, 0.0, 1.0 ]
    },
    "cameraExtrinsics" : {
      "rows" : 1,
      "cols" : 5,
      "type" : 6,
      "data" : [ -0.14972728680109804, 0.8573364095257298, 0.005370367506882, 0.0013306949910494468, -1.615897438521987 ]
    },
    "perViewErrors" : [ 0.31482110667157287, 0.6243749767989117, 0.4841656616043526, 0.6123888045348249, 0.671356283266541, 0.46999709017258745, 0.5870492578960326, 0.3305430222442843, 0.7113174182454856, 0.4707522625381246, 0.8987481716089522, 0.46060817099716117 ],
    "standardDeviation" : 0.15851920566096464
  }, {
    "resolution" : {
      "width" : 320.0,
      "height" : 240.0
    },
    "cameraIntrinsics" : {
      "rows" : 3,
      "cols" : 3,
      "type" : 6,
      "data" : [ 266.6168173581518, 0.0, 150.1087197138298, 0.0, 266.5166556231314, 127.64150345404933, 0.0, 0.0, 1.0 ]
    },
    "cameraExtrinsics" : {
      "rows" : 1,
      "cols" : 5,
      "type" : 6,
      "data" : [ -0.018704646295469727, 0.034037855211451404, 3.0240119416422164E-4, 0.0021432875507105746, -0.053907079701374136 ]
    },
    "perViewErrors" : [ 0.3284922026768986, 0.38271272487033664, 0.3276205478785089, 0.2560536871928743, 0.31742086198063446, 0.44639012408757417, 0.45012612147030373, 0.27373281046370224, 0.2973784082857295, 0.324238645451196, 0.3521674752291998, 0.3641268004452564 ],
    "standardDeviation" : 0.057852952591272065
  } ],
  "streamIndex" : 0
}