{
  "baseName" : "Arducam OV9281 USB Camera",
  "uniqueName" : "Arducam_OV9281_USB_Camera",
  "nickname" : "Camera2",
  "FOV" : 70.0,
  "path" : "/dev/video0",
  "cameraType" : "UsbCamera",
  "currentPipelineIndex" : 0,
  "calibrations" : [ {
    "resolution" : {
      "width" : 1280.0,
      "height" : 720.0
    },
    "cameraIntrinsics" : {
      "rows" : 3,
      "cols" : 3,
      "type" : 6,
      "data" : [ 885.1305370592481, 0.0, 604.0832872961145, 0.0, 883.596120533806, 401.569957599452, 0.0, 0.0, 1.0 ]
    },
    "cameraExtrinsics" : {
      "rows" : 1,
      "cols" : 5,
      "type" : 6,
      "data" : [ -0.03139394870080592, 0.326503826406592, 0.00888176343347296, 0.003317242451931661, -0.7086285547883491 ]
    },
    "perViewErrors" : [ 0.889814524884727, 1.4807326026894092, 0.7048032471609622, 0.6390924890124778, 0.7786639181006516, 1.1058878160017735, 0.8338405121966624, 0.6931371741992159, 0.7110756887593133, 0.9234471852854506, 0.8070775361008033, 1.1707907545814935, 1.1551753210404037 ],
    "standardDeviation" : 0.2366834376372536
  }, {
    "resolution" : {
      "width" : 800.0,
      "height" : 600.0
    },
    "cameraIntrinsics" : {
      "rows" : 3,
      "cols" : 3,
      "type" : 6,
      "data" : [ 665.4832472419414, 0.0, 368.11890725469897, 0.0, 664.9802806894104, 326.6713417950459, 0.0, 0.0, 1.0 ]
    },
    "cameraExtrinsics" : {
      "rows" : 1,
      "cols" : 5,
      "type" : 6,
      "data" : [ -0.05013853630750824, 0.3212770051154445, 0.006125099296867961, -9.551812994285176E-4, -0.41925720504632874 ]
    },
    "perViewErrors" : [ 0.6860781959313844, 0.2692952110131017, 0.5134353323516195, 0.6103763557388079, 0.7418683511748876, 0.35750993003619336, 0.4112895156113513, 0.30880450701811146, 0.5129363132952166, 0.7323842949381113, 0.3103493219008649, 0.6200328247980028 ],
    "standardDeviation" : 0.16520858282487216
  }, {
    "resolution" : {
      "width" : 640.0,
      "height" : 480.0
    },
    "cameraIntrinsics" : {
      "rows" : 3,
      "cols" : 3,
      "type" : 6,
      "data" : [ 540.0892152943346, 0.0, 292.01023784614847, 0.0, 538.8888081296511, 253.65592421057804, 0.0, 0.0, 1.0 ]
    },
    "cameraExtrinsics" : {
      "rows" : 1,
      "cols" : 5,
      "type" : 6,
      "data" : [ 0.03118341571756223, 0.1915548347357688, 0.0011903716924192662, -0.006065987202810757, -0.579631942166408 ]
    },
    "perViewErrors" : [ 0.2832148814199098, 0.38147769562491496, 0.48368876337895683, 0.6902004779008719, 0.24310269404939136, 0.3684201438057978, 0.49717385023679245, 0.4777034747481101, 0.5485979144076679, 0.28491449142926334, 0.2958641874404891, 0.6031730926948794, 0.625939098197557 ],
    "standardDeviation" : 0.1410420341293576
  }, {
    "resolution" : {
      "width" : 320.0,
      "height" : 240.0
    },
    "cameraIntrinsics" : {
      "rows" : 3,
      "cols" : 3,
      "type" : 6,
      "data" : [ 266.09473788860214, 0.0, 145.18231788826662, 0.0, 266.24720686010687, 134.02572486857952, 0.0, 0.0, 1.0 ]
    },
    "cameraExtrinsics" : {
      "rows" : 1,
      "cols" : 5,
      "type" : 6,
      "data" : [ -0.038683141633964545, 0.532229322269045, 0.01293081321244682, -0.0023646152539980015, -1.470141240363205 ]
    },
    "perViewErrors" : [ 0.25573072584940243, 0.2397748141922527, 0.40547032388266785, 0.369714404035437, 0.39348959901622227, 0.4975068939480553, 0.47917656009877985, 0.5079809609318919, 0.7469784695009882, 0.4336412604850355, 0.5164602310395052, 0.5756691952467213 ],
    "standardDeviation" : 0.1318654348036189
  } ],
  "streamIndex" : 0
}