{
  "baseName" : "unicam",
  "uniqueName" : "unicam",
  "nickname" : "Camera2",
  "FOV" : 27.3,
  "path" : "/dev/video0",
  "cameraType" : "ZeroCopyPicam",
  "currentPipelineIndex" : -1,
  "calibrations" : [ {
    "resolution" : {
      "width" : 640.0,
      "height" : 480.0
    },
    "cameraIntrinsics" : {
      "rows" : 3,
      "cols" : 3,
      "type" : 6,
      "data" : [ 624.6010027517104, 0.0, 348.8592012829894, 0.0, 627.9760157582447, 240.86896894763234, 0.0, 0.0, 1.0 ]
    },
    "cameraExtrinsics" : {
      "rows" : 1,
      "cols" : 5,
      "type" : 6,
      "data" : [ -0.48025295948732544, 0.4596360119823408, -0.0022366449612935355, -0.0032216912346774203, -0.5469968226419232 ]
    },
    "perViewErrors" : [ 4.027060126430858, 3.489406646955175, 0.9175702856889735, 1.748503550071447, 0.946831793134454, 1.9038520858175267, 1.9933375993411855, 1.5576465512145146, 2.248948983685021, 2.736735635114678, 2.4061035903622447, 2.4124759694139812, 1.740953502821529, 2.6104452650005086 ],
    "standardDeviation" : 0.8332248580056947
  }, {
    "resolution" : {
      "width" : 320.0,
      "height" : 240.0
    },
    "cameraIntrinsics" : {
      "rows" : 3,
      "cols" : 3,
      "type" : 6,
      "data" : [ 333.4128272510047, 0.0, 163.81178911493163, 0.0, 333.7301954524058, 117.07709932176768, 0.0, 0.0, 1.0 ]
    },
    "cameraExtrinsics" : {
      "rows" : 1,
      "cols" : 5,
      "type" : 6,
      "data" : [ -0.4630397824641437, 0.23546075038024458, -6.809723520132811E-4, 0.002653948522412162, -0.6042925076518232 ]
    },
    "perViewErrors" : [ 0.3275424630453183, 0.36989479522291185, 0.8233101563848361, 0.5501741552679814, 0.3114634532818765, 0.27514412101777735, 0.5483115983045201, 0.32689088206179234, 0.3715223472316019, 0.41688194535467565, 0.5562425188946154, 0.38590181102472604 ],
    "standardDeviation" : 0.1490217859298437
  }, {
    "resolution" : {
      "width" : 640.0,
      "height" : 400.0
    },
    "cameraIntrinsics" : {
      "rows" : 3,
      "cols" : 3,
      "type" : 6,
      "data" : [ 538.2753218837589, 0.0, 327.66914654875194, 0.0, 539.3782288249762, 205.1537318643974, 0.0, 0.0, 1.0 ]
    },
    "cameraExtrinsics" : {
      "rows" : 1,
      "cols" : 5,
      "type" : 6,
      "data" : [ -0.33084669758281077, -1.3255436124103974, -0.001901044451583373, -1.5826626323222812E-4, 4.5302209032129985 ]
    },
    "perViewErrors" : [ 0.6349854738208333, 1.6545085805497841, 1.834680639287207, 1.2040019424141775, 1.0781894640021723, 0.7006469936866857, 0.9460903065922992, 0.9437348233137743, 0.7589682436543153, 0.5983216496417421, 0.5254404580109118, 1.4070876626139641, 1.9883214790297323, 1.2147238034580867, 0.48243339990019407 ],
    "standardDeviation" : 0.46474725556326757
  } ],
  "streamIndex" : 0
}