{
  "baseName" : "unicam",
  "uniqueName" : "unicam",
  "nickname" : "OV9281",
  "FOV" : 70.0,
  "path" : "/dev/video0",
  "cameraType" : "ZeroCopyPicam",
  "currentPipelineIndex" : 0,
  "calibrations" : [ {
    "resolution" : {
      "width" : 1280.0,
      "height" : 800.0
    },
    "cameraIntrinsics" : {
      "rows" : 3,
      "cols" : 3,
      "type" : 6,
      "data" : [ 1088.1502334430706, 0.0, 651.4642140253355, 0.0, 1087.1976638110107, 398.32358061019147, 0.0, 0.0, 1.0 ]
    },
    "cameraExtrinsics" : {
      "rows" : 1,
      "cols" : 5,
      "type" : 6,
      "data" : [ -0.43627015776226186, 0.41589940651753776, 0.003710743001872025, 0.0016689891702099864, -0.8966363141650758 ]
    },
    "perViewErrors" : [ 0.38400715402583147, 1.0230712736982979, 0.978794386604173, 1.3785121235665208, 3.1608012923991295, 1.996250655634185, 0.5369684086902307, 0.5420390531026004, 2.7094041710014114, 0.7789378663186151, 0.7275475150891657, 1.4031690360100422 ],
    "standardDeviation" : 0.852710282442397
  }, {
    "resolution" : {
      "width" : 640.0,
      "height" : 480.0
    },
    "cameraIntrinsics" : {
      "rows" : 3,
      "cols" : 3,
      "type" : 6,
      "data" : [ 650.5825983496561, 0.0, 299.7049745589672, 0.0, 650.1298962230126, 230.16151696040185, 0.0, 0.0, 1.0 ]
    },
    "cameraExtrinsics" : {
      "rows" : 1,
      "cols" : 5,
      "type" : 6,
      "data" : [ -0.47706865410502386, 0.7509826810179574, 0.003382214578814856, 0.009006385435621874, 0.7960223791999512 ]
    },
    "perViewErrors" : [ 0.2514427690938451, 0.5333519388379998, 0.5012040394373372, 0.6498323234414729, 0.29981118430505976, 0.9871786559642941, 0.8164444425249708, 0.8743661872303774, 0.46691995262221736, 0.4084011782508319, 0.2173058918268353, 0.43773871283159477 ],
    "standardDeviation" : 0.23802997320470137
  }, {
    "resolution" : {
      "width" : 640.0,
      "height" : 400.0
    },
    "cameraIntrinsics" : {
      "rows" : 3,
      "cols" : 3,
      "type" : 6,
      "data" : [ 555.1277586330066, 0.0, 302.01919261041195, 0.0, 560.7845015851616, 59.689629769168725, 0.0, 0.0, 1.0 ]
    },
    "cameraExtrinsics" : {
      "rows" : 1,
      "cols" : 5,
      "type" : 6,
      "data" : [ 0.17553279900604987, -2.768388173858475, -0.012497962751060934, -0.0020929270835742544, 5.486923175942543 ]
    },
    "perViewErrors" : [ 0.7166580874467664, 0.8726045071790058, 0.9494602104564759, 0.989743703402279, 0.842690770778189, 0.9784878613871223, 2.8986348739001655, 0.5296521299143078, 0.9517979138329479, 0.8685219629005979, 0.5419521774933516, 0.95190680583467 ],
    "standardDeviation" : 0.5902997701652982
  }, {
    "resolution" : {
      "width" : 320.0,
      "height" : 240.0
    },
    "cameraIntrinsics" : {
      "rows" : 3,
      "cols" : 3,
      "type" : 6,
      "data" : [ 345.74384826670024, 0.0, 177.52344441785124, 0.0, 338.75925970923737, 115.67473370731688, 0.0, 0.0, 1.0 ]
    },
    "cameraExtrinsics" : {
      "rows" : 1,
      "cols" : 5,
      "type" : 6,
      "data" : [ -0.6238853070000846, 0.636884181329086, 0.02668821393610211, -0.009237976457299464, -0.4771630205669764 ]
    },
    "perViewErrors" : [ 0.38312285652776057, 0.606853991391425, 0.38883838400097626, 0.5016787591488623, 0.5733067575621177, 0.5181000927514535, 0.4556915348536665, 0.32769252993961845, 0.3388573606073468, 0.43764255369784677, 0.6108659717199816, 0.6327623782755637 ],
    "standardDeviation" : 0.10422795826457672
  } ],
  "streamIndex" : 0
}