{
  "baseName" : "USB webcam",
  "uniqueName" : "USB_webcam",
  "nickname" : "Camera2",
  "FOV" : 70.0,
  "path" : "/dev/video0",
  "cameraType" : "UsbCamera",
  "currentPipelineIndex" : -1,
  "calibrations" : [ {
    "resolution" : {
      "width" : 1280.0,
      "height" : 720.0
    },
    "cameraIntrinsics" : {
      "rows" : 3,
      "cols" : 3,
      "type" : 6,
      "data" : [ 731.7692261032755, 0.0, 635.2334473652165, 0.0, 732.0880290688268, 470.1541803507329, 0.0, 0.0, 1.0 ]
    },
    "cameraExtrinsics" : {
      "rows" : 1,
      "cols" : 5,
      "type" : 6,
      "data" : [ 0.1109079217898954, -0.11764261257011648, 0.00279260565249175, 0.003163353379053076, -0.09211710842401168 ]
    },
    "perViewErrors" : [ 0.8776868652642911, 0.7722654742860338, 0.7270792607394091, 0.7519312265400873, 1.3411618447600346, 1.0226025265140504, 1.3023534617348547, 1.2655938766834478, 1.5708389927556774, 1.346704661007572, 1.1377274595129079, 1.1091476676287404 ],
    "standardDeviation" : 0.2635620693491848
  }, {
    "resolution" : {
      "width" : 960.0,
      "height" : 540.0
    },
    "cameraIntrinsics" : {
      "rows" : 3,
      "cols" : 3,
      "type" : 6,
      "data" : [ 560.6703891735234, 0.0, 473.16955030844423, 0.0, 560.7382201614975, 356.49124676843604, 0.0, 0.0, 1.0 ]
    },
    "cameraExtrinsics" : {
      "rows" : 1,
      "cols" : 5,
      "type" : 6,
      "data" : [ 0.08801791355494555, -0.055196479063507234, 7.745510901892252E-4, 0.0013889991759774762, -0.11396245654820397 ]
    },
    "perViewErrors" : [ 1.1874368878296833, 1.270229037397398, 1.5908729641552843, 1.240573734220463, 0.8349698969844934, 0.919034674632034, 0.6590698400997046, 0.6164002009303009, 0.6478672650731395, 0.9323016170167108, 1.3440557151070327, 1.865247470310995 ],
    "standardDeviation" : 0.3770087497345679
  } ],
  "streamIndex" : 0
}