{
  "baseName" : "unicam",
  "uniqueName" : "unicam",
  "nickname" : "Camera2",
  "FOV" : 70.0,
  "path" : "/dev/video0",
  "cameraType" : "ZeroCopyPicam",
  "currentPipelineIndex" : 0,
  "calibrations" : [ {
    "resolution" : {
      "width" : 640.0,
      "height" : 480.0
    },
    "cameraIntrinsics" : {
      "rows" : 3,
      "cols" : 3,
      "type" : 6,
      "data" : [ 657.6890666870636, 0.0, 319.70273392438145, 0.0, 658.0513417859621, 222.41780719795176, 0.0, 0.0, 1.0 ]
    },
    "cameraExtrinsics" : {
      "rows" : 1,
      "cols" : 5,
      "type" : 6,
      "data" : [ -0.3998057830630241, -0.2697619452945944, -8.761524694393802E-4, 6.720586263385706E-4, 2.4201395545200586 ]
    },
    "perViewErrors" : [ 0.3615047980513929, 0.41193809134443676, 0.34424998168950777, 0.3931636391764044, 0.6959840992031834, 0.43248633593631325, 0.4603048949389393, 0.3939080979090147, 0.5198193429477105, 0.40956234111417283, 0.18973530462842988, 0.45788978905432903 ],
    "standardDeviation" : 0.11292545313090785
  } ],
  "streamIndex" : 0
}