{
  "baseName" : "Arducam OV9281 USB Camera",
  "uniqueName" : "Arducam_OV9281_USB_Camera",
  "nickname" : "Camera4",
  "FOV" : 70.0,
  "path" : "/dev/video0",
  "cameraType" : "UsbCamera",
  "currentPipelineIndex" : 0,
  "calibrations" : [ {
    "resolution" : {
      "width" : 1280.0,
      "height" : 720.0
    },
    "cameraIntrinsics" : {
      "rows" : 3,
      "cols" : 3,
      "type" : 6,
      "data" : [ 881.4285924149983, 0.0, 608.4916338345466, 0.0, 881.7640661081198, 384.39089923788003, 0.0, 0.0, 1.0 ]
    },
    "cameraExtrinsics" : {
      "rows" : 1,
      "cols" : 5,
      "type" : 6,
      "data" : [ 0.018124462838105013, -0.05623604676626289, 0.0025593242866436576, 0.0039721236807313915, 0.22910090441811165 ]
    },
    "perViewErrors" : [ 1.3343055292853325, 1.1106397439047395, 0.9619683489342746, 0.9391228791289488, 0.9203220515536702, 0.8614280440989222, 0.8639065027883256, 1.0577166001281146, 1.3474356246387569, 0.8259064736131224, 0.8674781316998921, 1.1517809728733739 ],
    "standardDeviation" : 0.17399616469279627
  }, {
    "resolution" : {
      "width" : 800.0,
      "height" : 600.0
    },
    "cameraIntrinsics" : {
      "rows" : 3,
      "cols" : 3,
      "type" : 6,
      "data" : [ 663.6986741892796, 0.0, 366.11168346309756, 0.0, 664.1511865053018, 320.92948586466593, 0.0, 0.0, 1.0 ]
    },
    "cameraExtrinsics" : {
      "rows" : 1,
      "cols" : 5,
      "type" : 6,
      "data" : [ 0.03861217933281078, -0.15552529261398432, 0.004792001809081762, -0.0022497197376566648, 0.5319922128451824 ]
    },
    "perViewErrors" : [ 0.5679326607814984, 0.4074043054439677, 0.6898362404252447, 0.6900449252064405, 0.30274396442356233, 0.46556576268468514, 0.7112510628730354, 0.6576050198798898, 0.7892302874200483, 0.9190455881438958, 0.6255780095256239, 0.47325038085915866 ],
    "standardDeviation" : 0.16581163279361874
  }, {
    "resolution" : {
      "width" : 640.0,
      "height" : 480.0
    },
    "cameraIntrinsics" : {
      "rows" : 3,
      "cols" : 3,
      "type" : 6,
      "data" : [ 527.5355701814876, 0.0, 284.5635249377933, 0.0, 528.122262787172, 252.67470302798, 0.0, 0.0, 1.0 ]
    },
    "cameraExtrinsics" : {
      "rows" : 1,
      "cols" : 5,
      "type" : 6,
      "data" : [ 0.042848354269979044, -0.25985033692719484, 0.003146151051138804, -0.0079071463552362, 0.8529635952818712 ]
    },
    "perViewErrors" : [ 0.7036763158182201, 0.603613355277276, 0.5185487622221218, 0.5239379003895624, 0.5642078896941836, 0.6276508911753369, 0.6468474476452215, 1.1142919872953851, 1.0252152284285774, 0.8893393906145618, 0.7574148928950224, 0.5838589783539704 ],
    "standardDeviation" : 0.18878262704897592
  }, {
    "resolution" : {
      "width" : 320.0,
      "height" : 240.0
    },
    "cameraIntrinsics" : {
      "rows" : 3,
      "cols" : 3,
      "type" : 6,
      "data" : [ 272.77937817783504, 0.0, 147.18246082418884, 0.0, 272.54855476265186, 129.30352952164554, 0.0, 0.0, 1.0 ]
    },
    "cameraExtrinsics" : {
      "rows" : 1,
      "cols" : 5,
      "type" : 6,
      "data" : [ -0.22487142986472006, 1.8372485999034882, 0.003652277379228894, -8.803108639469133E-5, -3.8924671953505383 ]
    },
    "perViewErrors" : [ 1.2180803280677455, 0.4474773446870402, 0.6759629043015355, 0.7150992544340917, 0.855042257832706, 0.31782206864565354, 0.3270547571441305, 0.35536518916445725, 0.4850554346738581, 0.6244207906657474, 0.7355667780773144, 0.7517372972267631 ],
    "standardDeviation" : 0.25009857551115683
  } ],
  "streamIndex" : 0
}