{
  "baseName" : "Arducam OV9281 USB Camera",
  "uniqueName" : "Arducam_OV9281_USB_Camera",
  "nickname" : "Camera1",
  "FOV" : 70.0,
  "path" : "/dev/video0",
  "cameraType" : "UsbCamera",
  "currentPipelineIndex" : 0,
  "calibrations" : [ {
    "resolution" : {
      "width" : 320.0,
      "height" : 240.0
    },
    "cameraIntrinsics" : {
      "rows" : 3,
      "cols" : 3,
      "type" : 6,
      "data" : [ 265.0766018137899, 0.0, 135.1282469805753, 0.0, 263.68849300407777, 131.91290709675462, 0.0, 0.0, 1.0 ]
    },
    "cameraExtrinsics" : {
      "rows" : 1,
      "cols" : 5,
      "type" : 6,
      "data" : [ -0.0825055173982469, 0.31809954292030307, 0.006536817962779755, -0.016366837729525525, -0.2410040042976813 ]
    },
    "perViewErrors" : [ 0.2122470409975615, 0.290376695434497, 0.33912755887587437, 0.3207184546494362, 0.2820478325164343, 0.3779099529877083, 0.42130371100375025, 0.33189638507953284, 0.23690536774211515, 0.3806286293093906, 0.34590125147650846, 0.6609538459179928 ],
    "standardDeviation" : 0.10983034661057675
  }, {
    "resolution" : {
      "width" : 640.0,
      "height" : 480.0
    },
    "cameraIntrinsics" : {
      "rows" : 3,
      "cols" : 3,
      "type" : 6,
      "data" : [ 526.9424091467138, 0.0, 293.35912296993973, 0.0, 529.0727099707804, 222.3866967540493, 0.0, 0.0, 1.0 ]
    },
    "cameraExtrinsics" : {
      "rows" : 1,
      "cols" : 5,
      "type" : 6,
      "data" : [ 0.002299271568876422, 0.2740258196258265, -0.021076090541930756, -0.0024059100832931513, -0.8253471800763573 ]
    },
    "perViewErrors" : [ 0.32405964535628634, 0.6713010135908312, 0.6430987757214526, 0.363989686348517, 0.6874108838233828, 0.721033163506187, 0.9521890819949513, 0.9912392934495404, 0.5847596949100979, 0.9404078222045599, 0.43225075882171116, 0.5662854940140568, 0.5827525791339062 ],
    "standardDeviation" : 0.2057401809500307
  }, {
    "resolution" : {
      "width" : 800.0,
      "height" : 600.0
    },
    "cameraIntrinsics" : {
      "rows" : 3,
      "cols" : 3,
      "type" : 6,
      "data" : [ 657.6771506977602, 0.0, 365.56766369938856, 0.0, 660.5586967310752, 260.6879993686959, 0.0, 0.0, 1.0 ]
    },
    "cameraExtrinsics" : {
      "rows" : 1,
      "cols" : 5,
      "type" : 6,
      "data" : [ -0.12475010884971911, 0.6879478519336599, -0.024782124542593965, -0.007764231718368886, -1.0175560024984796 ]
    },
    "perViewErrors" : [ 1.5120225463724184, 0.8442888977343516, 0.7013344137316642, 1.3530509847244245, 0.8435098378715418, 0.6816153094864436, 0.6960059643400479, 1.6770321046220815, 0.4500295250371587, 0.7396086171734189, 0.7381397320150109, 0.6821815859566852, 5.417740496804126, 1.3572401199963293, 0.44687413433601403, 0.5324878638771364 ],
    "standardDeviation" : 1.1575488033926142
  }, {
    "resolution" : {
      "width" : 1280.0,
      "height" : 720.0
    },
    "cameraIntrinsics" : {
      "rows" : 3,
      "cols" : 3,
      "type" : 6,
      "data" : [ 870.8034861625621, 0.0, 609.6815918279805, 0.0, 871.6743079707609, 341.49900083888843, 0.0, 0.0, 1.0 ]
    },
    "cameraExtrinsics" : {
      "rows" : 1,
      "cols" : 5,
      "type" : 6,
      "data" : [ -0.07875540909261355, 1.1206640524437996, -0.014485088321700286, 0.002750673403772748, -3.8401547001827745 ]
    },
    "perViewErrors" : [ 0.9613347522336909, 1.188291376195402, 1.1715080988587045, 0.7488496912780159, 0.7013344681816717, 0.6989571738052784, 0.622171817078651, 0.9653203355974915, 1.1208791008576025, 0.44106995676209737, 0.6181647083916587, 0.7824056105945572, 0.7471198713273314, 1.1010808801420928, 1.1115749695029462, 0.5370289525940714, 0.985743521270534, 1.0903200308042638, 1.1157272864147583, 0.7773566267502401 ],
    "standardDeviation" : 0.22690481980271074
  } ],
  "streamIndex" : 0
}