{
  "baseName" : "unicam",
  "uniqueName" : "unicam",
  "nickname" : "OV9281",
  "FOV" : 70.0,
  "path" : "/dev/video0",
  "cameraType" : "ZeroCopyPicam",
  "currentPipelineIndex" : 0,
  "calibrations" : [ {
    "resolution" : {
      "width" : 320.0,
      "height" : 240.0
    },
    "cameraIntrinsics" : {
      "rows" : 3,
      "cols" : 3,
      "type" : 6,
      "data" : [ 328.4511156181264, 0.0, 162.6424512000689, 0.0, 326.00954896797015, 125.3813155809209, 0.0, 0.0, 1.0 ]
    },
    "cameraExtrinsics" : {
      "rows" : 1,
      "cols" : 5,
      "type" : 6,
      "data" : [ -0.48192679144196754, 0.29454671488535333, -5.634048482624661E-4, 0.001458006187360641, -0.051064604341762 ]
    },
    "perViewErrors" : [ 0.9137823689836873, 0.6369067492681375, 0.8352898620330148, 1.5088640881497837, 0.7305344422191301, 0.5912437140607258, 0.5959850043097488, 1.3809768653511538, 0.4264957896517413, 0.5893375386437777, 0.33009431376866577, 0.41527285695626626, 0.40008187119083405, 0.4182135191479262 ],
    "standardDeviation" : 0.34680276872029503
  }, {
    "resolution" : {
      "width" : 640.0,
      "height" : 400.0
    },
    "cameraIntrinsics" : {
      "rows" : 3,
      "cols" : 3,
      "type" : 6,
      "data" : [ 535.1594029746386, 0.0, 311.1626104726474, 0.0, 534.1561105973815, 202.02781128729225, 0.0, 0.0, 1.0 ]
    },
    "cameraExtrinsics" : {
      "rows" : 1,
      "cols" : 5,
      "type" : 6,
      "data" : [ -0.3842624335344989, -0.5395099123951453, 0.0020195101660254035, 0.008577945500366313, 1.5986333437419984 ]
    },
    "perViewErrors" : [ 0.6422287540169983, 2.4053446060304164, 0.8644264548830422, 0.3558792648622714, 3.537531319070184, 5.044635884630715, 1.1584410155744882, 1.055186605228378, 2.627327334565504, 2.1091302343695606, 0.9943293575919249, 0.2993872194458892 ],
    "standardDeviation" : 1.3796227657709126
  }, {
    "resolution" : {
      "width" : 640.0,
      "height" : 480.0
    },
    "cameraIntrinsics" : {
      "rows" : 3,
      "cols" : 3,
      "type" : 6,
      "data" : [ 637.4898458436411, 0.0, 323.57250502603983, 0.0, 640.4796116429081, 220.691267367079, 0.0, 0.0, 1.0 ]
    },
    "cameraExtrinsics" : {
      "rows" : 1,
      "cols" : 5,
      "type" : 6,
      "data" : [ -0.36066247452463296, -0.6555626565708169, 0.00881364803386982, 0.002096877750452187, 2.0882662096558517 ]
    },
    "perViewErrors" : [ 0.5404222457192642, 1.4107542103259305, 1.6482405765332482, 1.586174664670121, 1.5476456251204802, 1.2488346588586805, 5.0290672671797445, 0.4470177333559358, 0.8097075896393107, 6.361741218372451, 2.069448870815792, 0.9237649675703773 ],
    "standardDeviation" : 1.7493158722508049
  } ],
  "streamIndex" : 0
}