{
  "baseName" : "USB webcam",
  "uniqueName" : "USB_webcam",
  "nickname" : "Camera1",
  "FOV" : 70.0,
  "path" : "/dev/video0",
  "cameraType" : "UsbCamera",
  "currentPipelineIndex" : 0,
  "calibrations" : [ {
    "resolution" : {
      "width" : 1280.0,
      "height" : 720.0
    },
    "cameraIntrinsics" : {
      "rows" : 3,
      "cols" : 3,
      "type" : 6,
      "data" : [ 700.4344581479978, 0.0, 679.960693940448, 0.0, 699.0064442425174, 460.8885988040174, 0.0, 0.0, 1.0 ]
    },
    "cameraExtrinsics" : {
      "rows" : 1,
      "cols" : 5,
      "type" : 6,
      "data" : [ -0.06343478657474257, 0.2028468334976915, 0.009800522954894558, 0.004057161507647417, -0.22545095698030795 ]
    },
    "perViewErrors" : [ 1.4233486901181978, 3.0352136657271114, 2.7037164372629396, 3.004432434922732, 1.3930237018597456, 2.161983879607173, 1.3800969348845742, 1.8250763269571388, 9.517275042968755, 3.232240799869134, 1.4351421723016058, 2.8521998757293705 ],
    "standardDeviation" : 2.13146969752628
  }, {
    "resolution" : {
      "width" : 960.0,
      "height" : 540.0
    },
    "cameraIntrinsics" : {
      "rows" : 3,
      "cols" : 3,
      "type" : 6,
      "data" : [ 551.4318474221124, 0.0, 504.84341229252806, 0.0, 550.7217957999992, 345.8852078987224, 0.0, 0.0, 1.0 ]
    },
    "cameraExtrinsics" : {
      "rows" : 1,
      "cols" : 5,
      "type" : 6,
      "data" : [ 0.015339041886777384, 0.19957723891882387, 0.01166781388711119, -0.0031546126637058275, -0.43667303258508444 ]
    },
    "perViewErrors" : [ 1.6686914308648042, 2.272975250544883, 0.6232234524278374, 2.0082151642109367, 2.2636390708506595, 2.001894660359076, 0.3749489730366294, 0.6996135089711226, 0.702623718089682, 0.7833185626793007, 0.4944575347142185, 0.7193376260288825 ],
    "standardDeviation" : 0.7192788014706795
  } ],
  "streamIndex" : 0
}